Class Template,Checked In
Panther Power Sculpt,1494
Panther Power Flow,1079
Wild Thing Flow,777
Yin in Nature,775
Primal Breath,179
Primal Moves,179
Animal Flow,52
ALO + Wild Thing: Reset and Renewal,46
ALO + Wild Thing: Heart Strong,42
Partner Yin,41
Live DJ + Primal Breath,37
Women's Night,35
ALO + Wild Thing: Embodying Intentions,35
Primal Breath (New Year's Edition),33
ALO + Wild Thing: Compassion and Connection Flow,33
ALO + Wild Thing: Slow Burn ,33
ALO + Wild Thing: Intentions in Motion,30
Unlocked: Optimism & Your Future Self,28
ALO + Wild Thing: Power & Yin,28
Primal Breath + Live DJ (Year of the Horse),28
Hip-Opening & Mobility Workshop ,28
Yin + Full Moon Sound Bath ,22
Yoga Basics 101 Workshop ,12
HealingScapes: Live Music Experience ,7
ALO + Wild Thing: Elemental Power,0
gentleónoiseô,0
